first_name,Damien
last_name,Abad
email,damien.abad@assemblee-nationale.fr
first_name,Xavier
last_name,Breton
email,xavier.breton@assemblee-nationale.fr
first_name,Charles
last_name,de la Verpillière
email,charles.delaverpilliere@assemblee-nationale.fr
first_name,Olga
last_name,Givernet
email,""
first_name,Stéphane
last_name,Trompille
email,stephane.trompille@assemblee-nationale.fr
first_name,Jean-Paul
last_name,Dufrègne
email,jean-paul.dufregne@assemblee-nationale.fr
first_name,Bénédicte
last_name,Peyrol
email,benedicte.peyrol@assemblee-nationale.fr
first_name,Laurence
last_name,Vanceunebrock
email,laurence.vanceunebrock-mialon@assemblee-nationale.fr
first_name,Fabrice
last_name,Brun
email,fabrice.brun@assemblee-nationale.fr
first_name,Hervé
last_name,Saulignac
email,herve.saulignac@assemblee-nationale.fr
first_name,Michèle
last_name,Victory
email,""
first_name,Jean-Yves
last_name,Bony
email,jean-yves.bony@assemblee-nationale.fr
first_name,Vincent
last_name,Descoeur
email,vincent.descoeur@assemblee-nationale.fr
first_name,Emmanuelle
last_name,Anthoine
email,emmanuelle.anthoine@assemblee-nationale.fr
first_name,Mireille
last_name,Clapot
email,mireille.clapot@assemblee-nationale.fr
first_name,Célia
last_name,de Lavergne
email,celia.delavergne@assemblee-nationale.fr
first_name,Alice
last_name,Thourot
email,alice.thourot@assemblee-nationale.fr
first_name,Isabelle
last_name,Valentin
email,isabelle.valentin@assemblee-nationale.fr
first_name,Jean-Pierre
last_name,Vigier
email,jean-pierre.vigier@assemblee-nationale.fr
first_name,Virginie
last_name,Duby-Muller
email,virginie.duby-muller@assemblee-nationale.fr
first_name,Frédérique
last_name,Lardet
email,frederique.lardet@assemblee-nationale.fr
first_name,Marion
last_name,Lenne
email,marion.lenne@assemblee-nationale.fr
first_name,Véronique
last_name,Riotton
email,veronique.riotton@assemblee-nationale.fr
first_name,Xavier
last_name,Roseren
email,xavier.roseren@assemblee-nationale.fr
first_name,Martial
last_name,Saddier
email,martial.saddier@assemblee-nationale.fr
first_name,Caroline
last_name,Abadie
email,caroline.abadie@assemblee-nationale.fr
first_name,Marie-Noëlle
last_name,Battistel
email,marie-noelle.battistel@assemblee-nationale.fr
first_name,Émilie
last_name,Chalas
email,emilie.chalas@assemblee-nationale.fr
first_name,Jean-Charles
last_name,Colas-Roy
email,jean-charles.colas-roy@assemblee-nationale.fr
first_name,Camille
last_name,Galliard-Minier
email,""
first_name,Élodie
last_name,Jacquier-Laforge
email,elodie.jacquier-laforge@assemblee-nationale.fr
first_name,Catherine
last_name,Kamowski
email,catherine.kamowski@assemblee-nationale.fr
first_name,Monique
last_name,Limon
email,monique.limon@assemblee-nationale.fr
first_name,Marjolaine
last_name,Meynier-Millefert
email,marjolaine.meynier-millefert@assemblee-nationale.fr
first_name,Cendra
last_name,Motin
email,cendra.motin@assemblee-nationale.fr
first_name,Julien
last_name,Borowczyk
email,julien.borowczyk@assemblee-nationale.fr
first_name,Dino
last_name,Cinieri
email,dino.cinieri@assemblee-nationale.fr
first_name,Valéria
last_name,Faure-Muntian
email,valeria.faure-muntian@assemblee-nationale.fr
first_name,Régis
last_name,Juanico
email,regis.juanico@assemblee-nationale.fr
first_name,Jean-Michel
last_name,Mis
email,jean-michel.mis@assemblee-nationale.fr
first_name,Nathalie
last_name,Sarles
email,nathalie.sarles@assemblee-nationale.fr
first_name,André
last_name,Chassaigne
email,andre.chassaigne@assemblee-nationale.fr
first_name,Michel
last_name,Fanget
email,michel.fanget@assemblee-nationale.fr
first_name,Christine
last_name,Pires Beaune
email,christine.piresbeaune@assemblee-nationale.fr
first_name,Valérie
last_name,Thomas
email,valerie.thomas@assemblee-nationale.fr
first_name,Laurence
last_name,Vichnievsky
email,laurence.vichnievsky@assemblee-nationale.fr
first_name,Yves
last_name,Blein
email,yves.blein@assemblee-nationale.fr
first_name,Bruno
last_name,Bonnell
email,bruno.bonnell@assemblee-nationale.fr
first_name,Blandine
last_name,Brocard
email,blandine.brocard@assemblee-nationale.fr
first_name,Anne
last_name,Brugnera
email,anne.brugnera@assemblee-nationale.fr
first_name,Danièle
last_name,Cazarian
email,daniele.cazarian@assemblee-nationale.fr
first_name,Jean-Luc
last_name,Fugit
email,jean-luc.fugit@assemblee-nationale.fr
first_name,Thomas
last_name,Gassilloud
email,thomas.gassilloud@assemblee-nationale.fr
first_name,Cyrille
last_name,Isaac-Sibille
email,cyrille.isaac-sibille@assemblee-nationale.fr
first_name,Hubert
last_name,Julien-Laferrière
email,hubert.julien-laferriere@assemblee-nationale.fr
first_name,Anissa
last_name,Khedher
email,anissa.khedher@assemblee-nationale.fr
first_name,Bernard
last_name,Perrut
email,bernard.perrut@assemblee-nationale.fr
first_name,Thomas
last_name,Rudigoz
email,thomas.rudigoz@assemblee-nationale.fr
first_name,Nathalie
last_name,Serre
email,""
first_name,Jean-Louis
last_name,Touraine
email,jean-louis.touraine@assemblee-nationale.fr
first_name,Émilie
last_name,Bonnivard
email,emilie.bonnivard@assemblee-nationale.fr
first_name,Typhanie
last_name,Degois
email,typhanie.degois@assemblee-nationale.fr
first_name,Patrick
last_name,Mignola
email,patrick.mignola@assemblee-nationale.fr
first_name,Vincent
last_name,Rolland
email,vincent.rolland@assemblee-nationale.fr
first_name,Yolaine
last_name,de Courson
email,yolaine.decourson@assemblee-nationale.fr
first_name,Rémi
last_name,Delatte
email,remi.delatte@assemblee-nationale.fr
first_name,Fadila
last_name,Khattabi
email,fadila.khattabi@assemblee-nationale.fr
first_name,Didier
last_name,Martin
email,didier.martin@assemblee-nationale.fr
first_name,Didier
last_name,Paris
email,didier.paris@assemblee-nationale.fr
first_name,Éric
last_name,Alauzet
email,eric.alauzet@assemblee-nationale.fr
first_name,Frédéric
last_name,Barbier
email,frederic.barbier@assemblee-nationale.fr
first_name,Fannette
last_name,Charvier
email,fannette.charvier@assemblee-nationale.fr
first_name,Annie
last_name,Genevard
email,annie.genevard@assemblee-nationale.fr
first_name,Denis
last_name,Sommer
email,denis.sommer@assemblee-nationale.fr
first_name,Barbara
last_name,Bessot Ballot
email,barbara.bessotballot@assemblee-nationale.fr
first_name,Christophe
last_name,Lejeune
email,christophe.lejeune@assemblee-nationale.fr
first_name,Danielle
last_name,Brulebois
email,danielle.brulebois@assemblee-nationale.fr
first_name,Marie-Christine
last_name,Dalloz
email,marie-christine.dalloz@assemblee-nationale.fr
first_name,Jean-Marie
last_name,Sermier
email,jean-marie.sermier@assemblee-nationale.fr
first_name,Perrine
last_name,Goulet
email,perrine.goulet@assemblee-nationale.fr
first_name,Patrice
last_name,Perrot
email,patrice.perrot@assemblee-nationale.fr
first_name,Josiane
last_name,Corneloup
email,josiane.corneloup@assemblee-nationale.fr
first_name,Benjamin
last_name,Dirx
email,benjamin.dirx@assemblee-nationale.fr
first_name,Raphaël
last_name,Gauvain
email,raphael.gauvain@assemblee-nationale.fr
first_name,Rémy
last_name,Rebeyrotte
email,remy.rebeyrotte@assemblee-nationale.fr
first_name,Cécile
last_name,Untermaier
email,cecile.untermaier@assemblee-nationale.fr
first_name,Ian
last_name,Boucard
email,ian.boucard@assemblee-nationale.fr
first_name,Michel
last_name,Zumkeller
email,michel.zumkeller@assemblee-nationale.fr
first_name,Michèle
last_name,Crouzet
email,michele.crouzet@assemblee-nationale.fr
first_name,Guillaume
last_name,Larrivé
email,guillaume.larrive@assemblee-nationale.fr
first_name,André
last_name,Villiers
email,andre.villiers@assemblee-nationale.fr
first_name,Hervé
last_name,Berville
email,herve.berville@assemblee-nationale.fr
first_name,Éric
last_name,Bothorel
email,eric.bothorel@assemblee-nationale.fr
first_name,Bruno
last_name,Joncour
email,bruno.joncour@assemblee-nationale.fr
first_name,Yannick
last_name,Kerlogot
email,yannick.kerlogot@assemblee-nationale.fr
first_name,Marc
last_name,Le Fur
email,marc.lefur@assemblee-nationale.fr
first_name,Erwan
last_name,Balanant
email,erwan.balanant@assemblee-nationale.fr
first_name,Richard
last_name,Ferrand
email,richard.ferrand@assemblee-nationale.fr
first_name,Jean-Charles
last_name,Larsonneur
email,jean-charles.larsonneur@assemblee-nationale.fr
first_name,Sandrine
last_name,Le Feur
email,sandrine.lefeur@assemblee-nationale.fr
first_name,Didier
last_name,Le Gac
email,didier.legac@assemblee-nationale.fr
first_name,Annaïg
last_name,Le Meur
email,annaig.lemeur@assemblee-nationale.fr
first_name,Graziella
last_name,Melchior
email,graziella.melchior@assemblee-nationale.fr
first_name,Liliana
last_name,Tanguy
email,liliana.tanguy@assemblee-nationale.fr
first_name,Florian
last_name,Bachelier
email,florian.bachelier@assemblee-nationale.fr
first_name,Thierry
last_name,Benoit
email,thierry.benoit@assemblee-nationale.fr
first_name,Jean-Luc
last_name,Bourgeaux
email,""
first_name,Christine
last_name,Cloarec-Le Nabour
email,Christine.Cloarec-lenabour@assemblee-nationale.fr
first_name,Mustapha
last_name,Laabid
email,mustapha.laabid@assemblee-nationale.fr
first_name,Gaël
last_name,Le Bohec
email,gael.lebohec@assemblee-nationale.fr
first_name,Laurence
last_name,Maillart-Méhaignerie
email,laurence.maillart-mehaignerie@assemblee-nationale.fr
first_name,Claudia
last_name,Rouaux
email,""
first_name,Jean-Michel
last_name,Jacques
email,jean-michel.jacques@assemblee-nationale.fr
first_name,Nicole
last_name,Le Peih
email,nicole.lepeih@assemblee-nationale.fr
first_name,Paul
last_name,Molac
email,""
first_name,Jimmy
last_name,Pahun
email,jimmy.pahun@assemblee-nationale.fr
first_name,Hervé
last_name,Pellois
email,herve.pellois@assemblee-nationale.fr
first_name,Gwendal
last_name,Rouillard
email,gwendal.rouillard@assemblee-nationale.fr
first_name,François
last_name,Cormier-Bouligeon
email,francois.cormier-bouligeon@assemblee-nationale.fr
first_name,Nadia
last_name,Essayan
email,nadia.essayan@assemblee-nationale.fr
first_name,Loïc
last_name,Kervran
email,loic.kervran@assemblee-nationale.fr
first_name,Laure
last_name,de La Raudière
email,laure.delaraudiere@assemblee-nationale.fr
first_name,Guillaume
last_name,Kasbarian
email,guillaume.kasbarian@assemblee-nationale.fr
first_name,Olivier
last_name,Marleix
email,olivier.marleix@assemblee-nationale.fr
first_name,Philippe
last_name,Vigier
email,philippe.vigier@assemblee-nationale.fr
first_name,Nicolas
last_name,Forissier
email,nicolas.forissier@assemblee-nationale.fr
first_name,François
last_name,Jolivet
email,francois.jolivet@assemblee-nationale.fr
first_name,Sophie
last_name,Auconie
email,sophie.auconie@assemblee-nationale.fr
first_name,Philippe
last_name,Chalumeau
email,philippe.chalumeau@assemblee-nationale.fr
first_name,Fabienne
last_name,Colboc
email,fabienne.colboc@assemblee-nationale.fr
first_name,Daniel
last_name,Labaronne
email,daniel.labaronne@assemblee-nationale.fr
first_name,Sabine
last_name,Thillaye
email,sabine.thillaye@assemblee-nationale.fr
first_name,Stéphane
last_name,Baudu
email,""
first_name,Pascal
last_name,Brindeau
email,""
first_name,Guillaume
last_name,Peltier
email,guillaume.peltier@assemblee-nationale.fr
first_name,Claude
last_name,de Ganay
email,claude.deganay@assemblee-nationale.fr
first_name,Jean-Pierre
last_name,Door
email,jean-pierre.door@assemblee-nationale.fr
first_name,Marianne
last_name,Dubois
email,marianne.dubois@assemblee-nationale.fr
first_name,Caroline
last_name,Janvier
email,caroline.janvier@assemblee-nationale.fr
first_name,Richard
last_name,Ramos
email,richard.ramos@assemblee-nationale.fr
first_name,Stéphanie
last_name,Rist
email,stephanie.rist@assemblee-nationale.fr
first_name,Paul-André
last_name,Colombani
email,paul-andre.colombani@assemblee-nationale.fr
first_name,Jean-Jacques
last_name,Ferrara
email,jean-jacques.ferrara@assemblee-nationale.fr
first_name,Jean-Félix
last_name,Acquaviva
email,jean-felix.acquaviva@assemblee-nationale.fr
first_name,Michel
last_name,Castellani
email,michel.castellani@assemblee-nationale.fr
first_name,Pieyre-Alexandre
last_name,Anglade
email,pieyre-alexandre.anglade@assemblee-nationale.fr
first_name,Samantha
last_name,Cazebonne
email,samantha.cazebonne@assemblee-nationale.fr
first_name,M'jid
last_name,El Guerrab
email,mjid.elguerrab@assemblee-nationale.fr
first_name,Paula
last_name,Forteza
email,paula.forteza@assemblee-nationale.fr
first_name,Anne
last_name,Genetet
email,anne.genetet@assemblee-nationale.fr
first_name,Meyer
last_name,Habib
email,meyer.habib@assemblee-nationale.fr
first_name,Alexandre
last_name,Holroyd
email,alexandre.holroyd@assemblee-nationale.fr
first_name,Amélia
last_name,Lakrafi
email,amelia.lakrafi@assemblee-nationale.fr
first_name,Roland
last_name,Lescure
email,roland.lescure@assemblee-nationale.fr
first_name,Frédéric
last_name,Petit
email,frederic.petit@assemblee-nationale.fr
first_name,Joachim
last_name,Son-Forget
email,joachim.son-forget@assemblee-nationale.fr
first_name,Pierre
last_name,Cordier
email,pierre.cordier@assemblee-nationale.fr
first_name,Bérengère
last_name,Poletti
email,berengere.poletti@assemblee-nationale.fr
first_name,Jean-Luc
last_name,Warsmann
email,jean-luc.warsmann@assemblee-nationale.fr
first_name,Valérie
last_name,Bazin-Malgras
email,valerie.bazin-malgras@assemblee-nationale.fr
first_name,Grégory
last_name,Besson-Moreau
email,gregory.besson-moreau@assemblee-nationale.fr
first_name,Gérard
last_name,Menuel
email,gerard.menuel@assemblee-nationale.fr
first_name,Antoine
last_name,Herth
email,antoine.herth@assemblee-nationale.fr
first_name,Patrick
last_name,Hetzel
email,patrick.hetzel@assemblee-nationale.fr
first_name,Philippe
last_name,Meyer
email,""
first_name,Thierry
last_name,Michels
email,thierry.michels@assemblee-nationale.fr
first_name,Frédéric
last_name,Reiss
email,frederic.reiss@assemblee-nationale.fr
first_name,Bruno
last_name,Studer
email,bruno.studer@assemblee-nationale.fr
first_name,Vincent
last_name,Thiébaut
email,vincent.thiebaut@assemblee-nationale.fr
first_name,Sylvain
last_name,Waserman
email,sylvain.waserman@assemblee-nationale.fr
first_name,Martine
last_name,Wonner
email,martine.wonner@assemblee-nationale.fr
first_name,Olivier
last_name,Becht
email,olivier.becht@assemblee-nationale.fr
first_name,Jacques
last_name,Cattin
email,jacques.cattin@assemblee-nationale.fr
first_name,Bruno
last_name,Fuchs
email,bruno.fuchs@assemblee-nationale.fr
first_name,Brigitte
last_name,Klinkert
email,""
first_name,Jean-Luc
last_name,Reitzer
email,jean-luc.reitzer@assemblee-nationale.fr
first_name,Raphaël
last_name,Schellenberger
email,raphael.schellenberger@assemblee-nationale.fr
first_name,Bérangère
last_name,Abba
email,berangere.abba@assemblee-nationale.fr
first_name,François
last_name,Cornut-Gentille
email,francois.cornut-gentille@assemblee-nationale.fr
first_name,Valérie
last_name,Beauvais
email,valerie.beauvais@assemblee-nationale.fr
first_name,Charles
last_name,de Courson
email,charles.decourson@assemblee-nationale.fr
first_name,Éric
last_name,Girardin
email,eric.girardin@assemblee-nationale.fr
first_name,Aina
last_name,Kuric
email,aina.kuric@assemblee-nationale.fr
first_name,Lise
last_name,Magnier
email,lise.magnier@assemblee-nationale.fr
first_name,Thibault
last_name,Bazin
email,thibault.bazin@assemblee-nationale.fr
first_name,Caroline
last_name,Fiat
email,caroline.fiat@assemblee-nationale.fr
first_name,Laurent
last_name,Garcia
email,laurent.garcia@assemblee-nationale.fr
first_name,Carole
last_name,Grandjean
email,carole.grandjean@assemblee-nationale.fr
first_name,Xavier
last_name,Paluszkiewicz
email,xavier.paluszkiewicz@assemblee-nationale.fr
first_name,Dominique
last_name,Potier
email,dominique.potier@assemblee-nationale.fr
first_name,Émilie
last_name,Cariou
email,emilie.cariou@assemblee-nationale.fr
first_name,Bertrand
last_name,Pancher
email,bertrand.pancher@assemblee-nationale.fr
first_name,Christophe
last_name,Arend
email,christophe.arend@assemblee-nationale.fr
first_name,Belkhir
last_name,Belhaddad
email,belkhir.belhaddad@assemblee-nationale.fr
first_name,Fabien
last_name,Di Filippo
email,fabien.difilippo@assemblee-nationale.fr
first_name,Brahim
last_name,Hammouche
email,brahim.hammouche@assemblee-nationale.fr
first_name,Richard
last_name,Lioger
email,richard.lioger@assemblee-nationale.fr
first_name,Ludovic
last_name,Mendes
email,ludovic.mendes@assemblee-nationale.fr
first_name,Isabelle
last_name,Rauch
email,isabelle.rauch@assemblee-nationale.fr
first_name,Nicole
last_name,Trisse
email,nicole.trisse@assemblee-nationale.fr
first_name,Hélène
last_name,Zannier
email,helene.zannier@assemblee-nationale.fr
first_name,Gérard
last_name,Cherpion
email,gerard.cherpion@assemblee-nationale.fr
first_name,Jean-Jacques
last_name,Gaultier
email,jean-jacques.gaultier@assemblee-nationale.fr
first_name,Christophe
last_name,Naegelen
email,christophe.naegelen@assemblee-nationale.fr
first_name,Stéphane
last_name,Viry
email,stephane.viry@assemblee-nationale.fr
first_name,Justine
last_name,Benin
email,justine.benin@assemblee-nationale.fr
first_name,Max
last_name,Mathiasin
email,max.mathiasin@assemblee-nationale.fr
first_name,Olivier
last_name,Serva
email,olivier.serva@assemblee-nationale.fr
first_name,Hélène
last_name,Vainqueur-Christophe
email,helene.vainqueur@assemblee-nationale.fr
first_name,Lénaïck
last_name,Adam
email,lenaick.adam@assemblee-nationale.fr
first_name,Gabriel
last_name,Serville
email,gabriel.serville@assemblee-nationale.fr
first_name,Aude
last_name,Bono-Vandorme
email,aude.bono-vandorme@assemblee-nationale.fr
first_name,Jean-Louis
last_name,Bricout
email,jean-louis.bricout@assemblee-nationale.fr
first_name,Marc
last_name,Delatte
email,marc.delatte@assemblee-nationale.fr
first_name,Julien
last_name,Dive
email,julien.dive@assemblee-nationale.fr
first_name,Jacques
last_name,Krabal
email,jacques.krabal@assemblee-nationale.fr
first_name,Ugo
last_name,Bernalicis
email,ugo.bernalicis@assemblee-nationale.fr
first_name,Guy
last_name,Bricout
email,guy.bricout@assemblee-nationale.fr
first_name,Alain
last_name,Bruneel
email,alain.bruneel@assemblee-nationale.fr
first_name,Anne-Laure
last_name,Cattelot
email,anne-laure.cattelot@assemblee-nationale.fr
first_name,Sébastien
last_name,Chenu
email,sebastien.chenu@assemblee-nationale.fr
first_name,Paul
last_name,Christophe
email,paul.christophe@assemblee-nationale.fr
first_name,Jennifer
last_name,De Temmerman
email,jennifer.detemmerman@assemblee-nationale.fr
first_name,Béatrice
last_name,Descamps
email,beatrice.descamps@assemblee-nationale.fr
first_name,Christophe
last_name,Di Pompeo
email,christophe.dipompeo@assemblee-nationale.fr
first_name,Dimitri
last_name,Houbron
email,dimitri.houbron@assemblee-nationale.fr
first_name,Christian
last_name,Hutin
email,christian.hutin@assemblee-nationale.fr
first_name,Sébastien
last_name,Huyghe
email,sebastien.huyghe@assemblee-nationale.fr
first_name,Charlotte
last_name,Lecocq
email,charlotte.lecocq@assemblee-nationale.fr
first_name,Vincent
last_name,Ledoux
email,vincent.ledoux@assemblee-nationale.fr
first_name,Brigitte
last_name,Liso
email,brigitte.liso@assemblee-nationale.fr
first_name,Florence
last_name,Morlighem
email,""
first_name,Catherine
last_name,Osson
email,catherine.osson@assemblee-nationale.fr
first_name,Valérie
last_name,Petit
email,valerie.petit@assemblee-nationale.fr
first_name,Adrien
last_name,Quatennens
email,adrien.quatennens@assemblee-nationale.fr
first_name,Fabien
last_name,Roussel
email,fabien.roussel@assemblee-nationale.fr
first_name,Valérie
last_name,Six
email,""
first_name,Pascal
last_name,Bois
email,pascal.bois@assemblee-nationale.fr
first_name,Carole
last_name,Bureau-Bonnard
email,carole.bureau-bonnard@assemblee-nationale.fr
first_name,Olivier
last_name,Dassault
email,olivier.dassault@assemblee-nationale.fr
first_name,Maxime
last_name,Minot
email,maxime.minot@assemblee-nationale.fr
first_name,Agnès
last_name,Thill
email,agnes.thill@assemblee-nationale.fr
first_name,Pierre
last_name,Vatin
email,pierre.vatin@assemblee-nationale.fr
first_name,Éric
last_name,Woerth
email,eric.woerth@assemblee-nationale.fr
first_name,Bruno
last_name,Bilde
email,bruno.bilde@assemblee-nationale.fr
first_name,Brigitte
last_name,Bourguignon
email,brigitte.bourguignon@assemblee-nationale.fr
first_name,Marguerite
last_name,Deprez-Audebert
email,marguerite.deprez-audebert@assemblee-nationale.fr
first_name,Pierre-Henri
last_name,Dumont
email,pierre-henri.dumont@assemblee-nationale.fr
first_name,Bruno
last_name,Duvergé
email,bruno.duverge@assemblee-nationale.fr
first_name,José
last_name,Evrard
email,jose.evrard@assemblee-nationale.fr
first_name,Daniel
last_name,Fasquelle
email,daniel.fasquelle@assemblee-nationale.fr
first_name,Marine
last_name,Le Pen
email,marine.lepen@assemblee-nationale.fr
first_name,Jacqueline
last_name,Maquet
email,jacqueline.maquet@assemblee-nationale.fr
first_name,Ludovic
last_name,Pajot
email,ludovic.pajot@assemblee-nationale.fr
first_name,Jean-Pierre
last_name,Pont
email,jean-pierre.pont@assemblee-nationale.fr
first_name,Benoit
last_name,Potterie
email,benoit.potterie@assemblee-nationale.fr
first_name,Stéphane
last_name,Demilly
email,stephane.demilly@assemblee-nationale.fr
first_name,Jean-Claude
last_name,Leclabart
email,jean-claude.leclabart@assemblee-nationale.fr
first_name,Emmanuel
last_name,Maquet
email,emmanuel.maquet@assemblee-nationale.fr
first_name,Barbara
last_name,Pompili
email,barbara.pompili@assemblee-nationale.fr
first_name,François
last_name,Ruffin
email,francois.ruffin@assemblee-nationale.fr
first_name,Stéphanie
last_name,Atger
email,""
first_name,Francis
last_name,Chouat
email,Francis.Chouat@assemblee-nationale.fr
first_name,Nicolas
last_name,Dupont-Aignan
email,nicolas.dupont-aignan@assemblee-nationale.fr
first_name,Marie
last_name,Guévenoux
email,marie.guevenoux@assemblee-nationale.fr
first_name,Franck
last_name,Marlin
email,franck.marlin@assemblee-nationale.fr
first_name,Pierre-Alain
last_name,Raphan
email,pierre-alain.raphan@assemblee-nationale.fr
first_name,Robin
last_name,Reda
email,robin.reda@assemblee-nationale.fr
first_name,Marie-Pierre
last_name,Rixain
email,marie-pierre.rixain@assemblee-nationale.fr
first_name,Laëtitia
last_name,Romeiro Dias
email,laetitia.romeirodias@assemblee-nationale.fr
first_name,Cédric
last_name,Villani
email,cedric.villani@assemblee-nationale.fr
first_name,Jean-Louis
last_name,Bourlanges
email,jean-louis.bourlanges@assemblee-nationale.fr
first_name,Céline
last_name,Calvez
email,celine.calvez@assemblee-nationale.fr
first_name,Frédérique
last_name,Dumas
email,frederique.dumas@assemblee-nationale.fr
first_name,Elsa
last_name,Faucillon
email,elsa.faucillon@assemblee-nationale.fr
first_name,Isabelle
last_name,Florennes
email,isabelle.florennes@assemblee-nationale.fr
first_name,Christine
last_name,Hennion
email,christine.hennion@assemblee-nationale.fr
first_name,Constance
last_name,Le Grip
email,constance.legrip@assemblee-nationale.fr
first_name,Jacques
last_name,Maire
email,jacques.maire@assemblee-nationale.fr
first_name,Jacques
last_name,Marilossian
email,jacques.marilossian@assemblee-nationale.fr
first_name,Bénédicte
last_name,Pételle
email,""
first_name,Florence
last_name,Provendier
email,""
first_name,Laurianne
last_name,Rossi
email,laurianne.rossi@assemblee-nationale.fr
first_name,Thierry
last_name,Solère
email,thierry.solere@assemblee-nationale.fr
first_name,Laetitia
last_name,Avia
email,laetitia.avia@assemblee-nationale.fr
first_name,Sandra
last_name,Boëlle
email,""
first_name,Pierre-Yves
last_name,Bournazel
email,pierre-yves.bournazel@assemblee-nationale.fr
first_name,Marielle
last_name,de Sarnez
email,marielle.desarnez@assemblee-nationale.fr
first_name,Olivia
last_name,Gregoire
email,olivia.gregoire@assemblee-nationale.fr
first_name,Benjamin
last_name,Griveaux
email,benjamin.griveaux@assemblee-nationale.fr
first_name,Stanislas
last_name,Guerini
email,stanislas.guerini@assemblee-nationale.fr
first_name,Brigitte
last_name,Kuster
email,brigitte.kuster@assemblee-nationale.fr
first_name,Anne-Christine
last_name,Lang
email,anne-christine.lang@assemblee-nationale.fr
first_name,Gilles
last_name,Le Gendre
email,gilles.le.gendre@assemblee-nationale.fr
first_name,Mounir
last_name,Mahjoubi
email,mounir.mahjoubi@assemblee-nationale.fr
first_name,Sylvain
last_name,Maillard
email,sylvain.maillard@assemblee-nationale.fr
first_name,Danièle
last_name,Obono
email,daniele.obono@assemblee-nationale.fr
first_name,George
last_name,Pau-Langevin
email,george.pau-langevin@assemblee-nationale.fr
first_name,Pierre
last_name,Person
email,pierre.person@assemblee-nationale.fr
first_name,Hugues
last_name,Renson
email,hugues.renson@assemblee-nationale.fr
first_name,Pacôme
last_name,Rupin
email,pacome.rupin@assemblee-nationale.fr
first_name,Buon
last_name,Tan
email,buon.tan@assemblee-nationale.fr
first_name,Sylvie
last_name,Bouchet Bellecourt
email,""
first_name,Stéphanie
last_name,Do
email,stephanie.do@assemblee-nationale.fr
first_name,Olivier
last_name,Faure
email,ofaure@assemblee-nationale.fr
first_name,Jean-Michel
last_name,Fauvergue
email,jean-michel.fauvergue@assemblee-nationale.fr
first_name,Christian
last_name,Jacob
email,christian.jacob@assemblee-nationale.fr
first_name,Rodrigue
last_name,Kokouendo
email,rodrigue.kokouendo@assemblee-nationale.fr
first_name,Patricia
last_name,Lemoine
email,""
first_name,Aude
last_name,Luquet
email,aude.luquet@assemblee-nationale.fr
first_name,Jean-François
last_name,Parigi
email,jean-francois.parigi@assemblee-nationale.fr
first_name,Michèle
last_name,Peyron
email,michele.peyron@assemblee-nationale.fr
first_name,Jean-Louis
last_name,Thiériot
email,""
first_name,Patrice
last_name,Anato
email,patrice.anato@assemblee-nationale.fr
first_name,Clémentine
last_name,Autain
email,clementine.autain@assemblee-nationale.fr
first_name,Marie-George
last_name,Buffet
email,marie-george.buffet@assemblee-nationale.fr
first_name,Sylvie
last_name,Charrière
email,sylvie.charriere@assemblee-nationale.fr
first_name,Éric
last_name,Coquerel
email,eric.coquerel@assemblee-nationale.fr
first_name,Alexis
last_name,Corbière
email,alexis.corbiere@assemblee-nationale.fr
first_name,Bastien
last_name,Lachaud
email,bastien.lachaud@assemblee-nationale.fr
first_name,Jean-Christophe
last_name,Lagarde
email,jean-christophe.lagarde@assemblee-nationale.fr
first_name,Stéphane
last_name,Peu
email,stephane.peu@assemblee-nationale.fr
first_name,Alain
last_name,Ramadier
email,alain.ramadier@assemblee-nationale.fr
first_name,Sabine
last_name,Rubin
email,sabine.rubin@assemblee-nationale.fr
first_name,Stéphane
last_name,Testé
email,stephane.teste@assemblee-nationale.fr
first_name,Dominique
last_name,Da Silva
email,dominique.dasilva@assemblee-nationale.fr
first_name,Nathalie
last_name,Elimas
email,nathalie.elimas@assemblee-nationale.fr
first_name,Fiona
last_name,Lazaar
email,fiona.lazaar@assemblee-nationale.fr
first_name,Naïma
last_name,Moutchou
email,naima.moutchou@assemblee-nationale.fr
first_name,Zivka
last_name,Park
email,zivka.park@assemblee-nationale.fr
first_name,François
last_name,Pupponi
email,francois.pupponi@assemblee-nationale.fr
first_name,Cécile
last_name,Rilhac
email,cecile.rilhac@assemblee-nationale.fr
first_name,Antoine
last_name,Savignat
email,antoine.savignat@assemblee-nationale.fr
first_name,Aurélien
last_name,Taché
email,aurelien.tache@assemblee-nationale.fr
first_name,Guillaume
last_name,Vuilletet
email,guillaume.vuilletet@assemblee-nationale.fr
first_name,Jean-Jacques
last_name,Bridey
email,jean-jacques.bridey@assemblee-nationale.fr
first_name,Gilles
last_name,Carrez
email,gilles.carrez@assemblee-nationale.fr
first_name,Frédéric
last_name,Descrozaille
email,frederic.descrozaille@assemblee-nationale.fr
first_name,Albane
last_name,Gaillot
email,albane.gaillot@assemblee-nationale.fr
first_name,Guillaume
last_name,Gouffier-Cha
email,guillaume.gouffier-cha@assemblee-nationale.fr
first_name,Michel
last_name,Herbillon
email,michel.herbillon@assemblee-nationale.fr
first_name,Jean François
last_name,Mbaye
email,jeanfrancois.mbaye@assemblee-nationale.fr
first_name,Mathilde
last_name,Panot
email,mathilde.panot@assemblee-nationale.fr
first_name,Maud
last_name,Petit
email,maud.petit@assemblee-nationale.fr
first_name,Laurent
last_name,Saint-Martin
email,laurent.saint-martin@assemblee-nationale.fr
first_name,Didier
last_name,Baichère
email,didier.baichere@assemblee-nationale.fr
first_name,Jean-Noël
last_name,Barrot
email,jean-noel.barrot@assemblee-nationale.fr
first_name,Aurore
last_name,Bergé
email,aurore.berge@assemblee-nationale.fr
first_name,Yaël
last_name,Braun-Pivet
email,yael.braun-pivet@assemblee-nationale.fr
first_name,Michèle
last_name,de Vaucouleurs
email,michele.devaucouleurs@assemblee-nationale.fr
first_name,Florence
last_name,Granjus
email,florence.granjus@assemblee-nationale.fr
first_name,Marie
last_name,Lebec
email,marie.lebec@assemblee-nationale.fr
first_name,Bruno
last_name,Millienne
email,bruno.millienne@assemblee-nationale.fr
first_name,Béatrice
last_name,Piron
email,beatrice.piron@assemblee-nationale.fr
first_name,Natalia
last_name,Pouzyreff
email,natalia.pouzyreff@assemblee-nationale.fr
first_name,Michel
last_name,Vialay
email,michel.vialay@assemblee-nationale.fr
first_name,Manuéla
last_name,Kéclard-Mondésir
email,""
first_name,Serge
last_name,Letchimy
email,serge.letchimy@assemblee-nationale.fr
first_name,Josette
last_name,Manin
email,josette.manin@assemblee-nationale.fr
first_name,Jean-Philippe
last_name,Nilor
email,jean-philippe.nilor@assemblee-nationale.fr
first_name,Ramlati
last_name,Ali
email,ramlati.ali@assemblee-nationale.fr
first_name,Mansour
last_name,Kamardine
email,mansour.kamardine@assemblee-nationale.fr
first_name,Christophe
last_name,Blanchet
email,secretariat-blanchet@assemblee-nationale.fr
first_name,Bertrand
last_name,Bouyx
email,bertrand.bouyx@assemblee-nationale.fr
first_name,Laurence
last_name,Dumont
email,laurence.dumont@assemblee-nationale.fr
first_name,Fabrice
last_name,Le Vigoureux
email,fabrice.levigoureux@assemblee-nationale.fr
first_name,Nathalie
last_name,Porte
email,""
first_name,Alain
last_name,Tourret
email,alain.tourret@assemblee-nationale.fr
first_name,Séverine
last_name,Gipson
email,""
first_name,Fabien
last_name,Gouttefarde
email,fabien.gouttefarde@assemblee-nationale.fr
first_name,Claire
last_name,O'Petit
email,claire.opetit@assemblee-nationale.fr
first_name,Bruno
last_name,Questel
email,bruno.questel@assemblee-nationale.fr
first_name,Marie
last_name,Tamarelle-Verhaeghe
email,marie.tamarelle@assemblee-nationale.fr
first_name,Philippe
last_name,Gosselin
email,philippe.gosselin@assemblee-nationale.fr
first_name,Sonia
last_name,Krimi
email,sonia.krimi@assemblee-nationale.fr
first_name,Bertrand
last_name,Sorre
email,bertrand.sorre@assemblee-nationale.fr
first_name,Stéphane
last_name,Travert
email,stephane.travert@assemblee-nationale.fr
first_name,Chantal
last_name,Jourdan
email,""
first_name,Véronique
last_name,Louwagie
email,veronique.louwagie@assemblee-nationale.fr
first_name,Jérôme
last_name,Nury
email,jerome.nury@assemblee-nationale.fr
first_name,Damien
last_name,Adam
email,damien.adam@assemblee-nationale.fr
first_name,Xavier
last_name,Batut
email,xavier.batut@assemblee-nationale.fr
first_name,Agnès
last_name,Firmin Le Bodo
email,agnes.firminlebodo@assemblee-nationale.fr
first_name,Sébastien
last_name,Jumel
email,sebastien.jumel@assemblee-nationale.fr
first_name,Stéphanie
last_name,Kerbarh
email,stephanie.kerbarh@assemblee-nationale.fr
first_name,Jean-Paul
last_name,Lecoq
email,jean-paul.lecoq@assemblee-nationale.fr
first_name,Sira
last_name,Sylla
email,sira.sylla@assemblee-nationale.fr
first_name,Annie
last_name,Vidal
email,annie.vidal@assemblee-nationale.fr
first_name,Hubert
last_name,Wulfranc
email,hubert.wulfranc@assemblee-nationale.fr
first_name,Jérôme
last_name,Lambert
email,jerome.lambert@assemblee-nationale.fr
first_name,Sandra
last_name,Marsaud
email,sandra.marsaud@assemblee-nationale.fr
first_name,Thomas
last_name,Mesnier
email,thomas.mesnier@assemblee-nationale.fr
first_name,Jean-Philippe
last_name,Ardouin
email,jean-philippe.ardouin@assemblee-nationale.fr
first_name,Olivier
last_name,Falorni
email,olivier.falorni@assemblee-nationale.fr
first_name,Raphaël
last_name,Gérard
email,raphael.gerard@assemblee-nationale.fr
first_name,Didier
last_name,Quentin
email,didier.quentin@assemblee-nationale.fr
first_name,Frédérique
last_name,Tuffnell
email,frederique.tuffnell@assemblee-nationale.fr
first_name,Christophe
last_name,Jerretie
email,christophe.jerretie@assemblee-nationale.fr
first_name,Frédérique
last_name,Meunier
email,frederique.meunier@assemblee-nationale.fr
first_name,Jean-Baptiste
last_name,Moreau
email,jean-baptiste.moreau@assemblee-nationale.fr
first_name,Delphine
last_name,Batho
email,delphine.batho@assemblee-nationale.fr
first_name,Guillaume
last_name,Chiche
email,guillaume.chiche@assemblee-nationale.fr
first_name,Jean-Marie
last_name,Fiévet
email,jean-marie.fievet@assemblee-nationale.fr
first_name,Philippe
last_name,Chassaing
email,philippe.chassaing@assemblee-nationale.fr
first_name,Jean-Pierre
last_name,Cubertafon
email,jean-pierre.cubertafon@assemblee-nationale.fr
first_name,Michel
last_name,Delpon
email,michel.delpon@assemblee-nationale.fr
first_name,Jacqueline
last_name,Dubois
email,jacqueline.dubois@assemblee-nationale.fr
first_name,Florent
last_name,Boudié
email,florent.boudie@assemblee-nationale.fr
first_name,Bérangère
last_name,Couillard
email,berangere.couillard@assemblee-nationale.fr
first_name,Alain
last_name,David
email,alain.david@assemblee-nationale.fr
first_name,Dominique
last_name,David
email,dominique.david@assemblee-nationale.fr
first_name,Christelle
last_name,Dubos
email,""
first_name,Catherine
last_name,Fabre
email,catherine.fabre@assemblee-nationale.fr
first_name,Véronique
last_name,Hammerer
email,veronique.hammerer@assemblee-nationale.fr
first_name,Sophie
last_name,Mette
email,sophie.mette@assemblee-nationale.fr
first_name,Sophie
last_name,Panonacle
email,sophie.panonacle@assemblee-nationale.fr
first_name,Éric
last_name,Poulliat
email,eric.poulliat@assemblee-nationale.fr
first_name,Loïc
last_name,Prud'homme
email,loic.prudhomme@assemblee-nationale.fr
first_name,Benoit
last_name,Simian
email,benoit.simian@assemblee-nationale.fr
first_name,Sophie
last_name,Beaudouin-Hubiere
email,sophie.beaudouin-hubiere@assemblee-nationale.fr
first_name,Marie-Ange
last_name,Magne
email,marie-ange.magne@assemblee-nationale.fr
first_name,Pierre
last_name,Venteau
email,""
first_name,Lionel
last_name,Causse
email,lionel.causse@assemblee-nationale.fr
first_name,Fabien
last_name,Lainé
email,""
first_name,Boris
last_name,Vallaud
email,boris.vallaud@assemblee-nationale.fr
first_name,Olivier
last_name,Damaisin
email,olivier.damaisin@assemblee-nationale.fr
first_name,Alexandre
last_name,Freschi
email,alexandre.freschi@assemblee-nationale.fr
first_name,Michel
last_name,Lauzzana
email,michel.lauzzana@assemblee-nationale.fr
first_name,Vincent
last_name,Bru
email,vincent.bru@assemblee-nationale.fr
first_name,David
last_name,Habib
email,david.habib@assemblee-nationale.fr
first_name,Jean
last_name,Lassalle
email,jean.lassalle@assemblee-nationale.fr
first_name,Florence
last_name,Lasserre
email,florence.lasserre@assemblee-nationale.fr
first_name,Jean-Paul
last_name,Mattei
email,jean-paul.mattei@assemblee-nationale.fr
first_name,Josy
last_name,Poueyto
email,josy.poueyto@assemblee-nationale.fr
first_name,Jean-Michel
last_name,Clément
email,jean-michel.clement@assemblee-nationale.fr
first_name,Sacha
last_name,Houlié
email,sacha.houlie@assemblee-nationale.fr
first_name,Jacques
last_name,Savatier
email,jacques.savatier@assemblee-nationale.fr
first_name,Nicolas
last_name,Turquois
email,nicolas.turquois@assemblee-nationale.fr
first_name,Philippe
last_name,Dunoyer
email,philippe.dunoyer@assemblee-nationale.fr
first_name,Philippe
last_name,Gomès
email,philippe.gomes@assemblee-nationale.fr
first_name,Michel
last_name,Larive
email,michel.larive@assemblee-nationale.fr
first_name,Bénédicte
last_name,Taurine
email,benedicte.taurine@assemblee-nationale.fr
first_name,Danièle
last_name,Hérin
email,daniele.herin@assemblee-nationale.fr
first_name,Alain
last_name,Perea
email,alain.perea@assemblee-nationale.fr
first_name,Mireille
last_name,Robert
email,mireille.robert@assemblee-nationale.fr
first_name,Anne
last_name,Blanc
email,anne.blanc@assemblee-nationale.fr
first_name,Stéphane
last_name,Mazars
email,stephane.mazars@assemblee-nationale.fr
first_name,Arnaud
last_name,Viala
email,arnaud.viala@assemblee-nationale.fr
first_name,Philippe
last_name,Berta
email,philippe.berta@assemblee-nationale.fr
first_name,Anthony
last_name,Cellier
email,anthony.cellier@assemblee-nationale.fr
first_name,Annie
last_name,Chapelier
email,annie.chapelier@assemblee-nationale.fr
first_name,Françoise
last_name,Dumas
email,francoise.dumas@assemblee-nationale.fr
first_name,Olivier
last_name,Gaillard
email,olivier.gaillard@assemblee-nationale.fr
first_name,Nicolas
last_name,Meizonnet
email,""
first_name,Gisèle
last_name,Biémouret
email,gisele.biemouret@assemblee-nationale.fr
first_name,Jean-René
last_name,Cazeneuve
email,jean-rene.cazeneuve@assemblee-nationale.fr
first_name,Joël
last_name,Aviragnet
email,joel.aviragnet@assemblee-nationale.fr
first_name,Pierre
last_name,Cabaré
email,pierre.cabare@assemblee-nationale.fr
first_name,Monique
last_name,Iborra
email,monique.iborra@assemblee-nationale.fr
first_name,Jean-Luc
last_name,Lagleize
email,jean-luc.lagleize@assemblee-nationale.fr
first_name,Sandrine
last_name,Mörch
email,sandrine.morch@assemblee-nationale.fr
first_name,Sébastien
last_name,Nadot
email,sebastien.nadot@assemblee-nationale.fr
first_name,Mickaël
last_name,Nogal
email,mickael.nogal@assemblee-nationale.fr
first_name,Jean-François
last_name,Portarrieu
email,jean-francois.portarrieu@assemblee-nationale.fr
first_name,Élisabeth
last_name,Toutut-Picard
email,elisabeth.toutut-picard@assemblee-nationale.fr
first_name,Corinne
last_name,Vignon
email,corinne.vignon@assemblee-nationale.fr
first_name,Jeanine
last_name,Dubié
email,jeanine.dubie@assemblee-nationale.fr
first_name,Jean-Bernard
last_name,Sempastous
email,jean-bernard.sempastous@assemblee-nationale.fr
first_name,Nicolas
last_name,Démoulin
email,nicolas.demoulin@assemblee-nationale.fr
first_name,Coralie
last_name,Dubost
email,coralie.dubost@assemblee-nationale.fr
first_name,Jean-François
last_name,Eliaou
email,jean-francois.eliaou@assemblee-nationale.fr
first_name,Christophe
last_name,Euzet
email,christophe.euzet@assemblee-nationale.fr
first_name,Philippe
last_name,Huppé
email,philippe.huppe@assemblee-nationale.fr
first_name,Emmanuelle
last_name,Ménard
email,emmanuelle.menard@assemblee-nationale.fr
first_name,Patricia
last_name,Mirallès
email,patricia.miralles@assemblee-nationale.fr
first_name,Muriel
last_name,Ressiguier
email,muriel.ressiguier@assemblee-nationale.fr
first_name,Patrick
last_name,Vignal
email,patrick.vignal@assemblee-nationale.fr
first_name,Aurélien
last_name,Pradié
email,aurelien.pradie@assemblee-nationale.fr
first_name,Huguette
last_name,Tiegna
email,huguette.tiegna@assemblee-nationale.fr
first_name,Pierre
last_name,Morel-À-L'Huissier
email,pierre.morel-a-lhuissier@assemblee-nationale.fr
first_name,Sébastien
last_name,Cazenove
email,sebastien.cazenove@assemblee-nationale.fr
first_name,Laurence
last_name,Gayte
email,laurence.gayte@assemblee-nationale.fr
first_name,Romain
last_name,Grau
email,romain.grau@assemblee-nationale.fr
first_name,Catherine
last_name,Pujol
email,""
first_name,Philippe
last_name,Folliot
email,philippe.folliot@assemblee-nationale.fr
first_name,Jean
last_name,Terlier
email,jean.terlier@assemblee-nationale.fr
first_name,Marie-Christine
last_name,Verdier-Jouclas
email,marie-christine.verdier-jouclas@assemblee-nationale.fr
first_name,Sylvia
last_name,Pinel
email,""
first_name,Valérie
last_name,Rabault
email,valerie.rabault@assemblee-nationale.fr
first_name,Aude
last_name,Amadou
email,aude.amadou@assemblee-nationale.fr
first_name,Anne-France
last_name,Brunet
email,anne-france.brunet@assemblee-nationale.fr
first_name,Yves
last_name,Daniel
email,yves.daniel@assemblee-nationale.fr
first_name,François
last_name,de Rugy
email,francois.derugy@assemblee-nationale.fr
first_name,Audrey
last_name,Dufeu Schubert
email,audrey.dufeuschubert@assemblee-nationale.fr
first_name,Sarah
last_name,El Haïry
email,sarah.elhairy@assemblee-nationale.fr
first_name,Sophie
last_name,Errante
email,sophie.errante@assemblee-nationale.fr
first_name,Yannick
last_name,Haury
email,yannick.haury@assemblee-nationale.fr
first_name,Sandrine
last_name,Josso
email,sandrine.josso@assemblee-nationale.fr
first_name,Valérie
last_name,Oppelt
email,valerie.oppelt@assemblee-nationale.fr
first_name,Philippe
last_name,Bolo
email,philippe.bolo@assemblee-nationale.fr
first_name,Nicole
last_name,Dubré-Chirat
email,nicole.dubre-chirat@assemblee-nationale.fr
first_name,Stella
last_name,Dupont
email,stella.dupont@assemblee-nationale.fr
first_name,Denis
last_name,Masséglia
email,denis.masseglia@assemblee-nationale.fr
first_name,Matthieu
last_name,Orphelin
email,bureau-m-orphelin@assemblee-nationale.fr
first_name,Laetitia
last_name,Saint-Paul
email,laetitia.saint-paul@assemblee-nationale.fr
first_name,Jean-Charles
last_name,Taugourdeau
email,jean-charles.taugourdeau@assemblee-nationale.fr
first_name,Géraldine
last_name,Bannier
email,geraldine.bannier@assemblee-nationale.fr
first_name,Yannick
last_name,Favennec Becot
email,yannick.favennec@assemblee-nationale.fr
first_name,Guillaume
last_name,Garot
email,guillaume.garot@assemblee-nationale.fr
first_name,Pascale
last_name,Fontenel-Personne
email,pascale.fontenel-personne@assemblee-nationale.fr
first_name,Jean-Carles
last_name,Grelier
email,jean-carles.grelier@assemblee-nationale.fr
first_name,Marietta
last_name,Karamanli
email,marietta.karamanli@assemblee-nationale.fr
first_name,Damien
last_name,Pichereau
email,damien.pichereau@assemblee-nationale.fr
first_name,Sylvie
last_name,Tolmont
email,""
first_name,Stéphane
last_name,Buchou
email,stephane.buchou@assemblee-nationale.fr
first_name,Pierre
last_name,Henriet
email,pierre.henriet@assemblee-nationale.fr
first_name,Philippe
last_name,Latombe
email,philippe.latombe@assemblee-nationale.fr
first_name,Martine
last_name,Leguille-Balloy
email,martine.leguille-balloy@assemblee-nationale.fr
first_name,Patrick
last_name,Loiseau
email,""
first_name,Moetai
last_name,Brotherson
email,moetai.brotherson@assemblee-nationale.fr
first_name,Maina
last_name,Sage
email,maina.sage@assemblee-nationale.fr
first_name,Nicole
last_name,Sanquer
email,nicole.sanquer@assemblee-nationale.fr
first_name,Delphine
last_name,Bagarry
email,delphine.bagarry@assemblee-nationale.fr
first_name,Christophe
last_name,Castaner
email,""
first_name,Marine
last_name,Brenier
email,marine.brenier@assemblee-nationale.fr
first_name,Bernard
last_name,Brochand
email,bernard.brochand@assemblee-nationale.fr
first_name,Éric
last_name,Ciotti
email,eric.ciotti@assemblee-nationale.fr
first_name,Loïc
last_name,Dombreval
email,loic.dombreval@assemblee-nationale.fr
first_name,Éric
last_name,Pauget
email,eric.pauget@assemblee-nationale.fr
first_name,Cédric
last_name,Roussel
email,cedric.roussel@assemblee-nationale.fr
first_name,Michèle
last_name,Tabarot
email,michele.tabarot@assemblee-nationale.fr
first_name,Laurence
last_name,Trastour-Isnart
email,laurence.trastour-isnart@assemblee-nationale.fr
first_name,Alexandra
last_name,Valetta Ardisson
email,alexandra.ardisson@assemblee-nationale.fr
first_name,Saïd
last_name,Ahamada
email,said.ahamada@assemblee-nationale.fr
first_name,Valérie
last_name,Boyer
email,valerie.boyer@assemblee-nationale.fr
first_name,Bernard
last_name,Deflesselles
email,bernard.deflesselles@assemblee-nationale.fr
first_name,Pierre
last_name,Dharréville
email,pierre.dharreville@assemblee-nationale.fr
first_name,Éric
last_name,Diard
email,eric.diard@assemblee-nationale.fr
first_name,François-Michel
last_name,Lambert
email,francois-michel.lambert@assemblee-nationale.fr
first_name,Mohamed
last_name,Laqhila
email,mohamed.laqhila@assemblee-nationale.fr
first_name,Alexandra
last_name,Louis
email,alexandra.louis@assemblee-nationale.fr
first_name,Jean-Luc
last_name,Mélenchon
email,jean-luc.melenchon@assemblee-nationale.fr
first_name,Monica
last_name,Michel
email,monica.michel@assemblee-nationale.fr
first_name,Anne-Laurence
last_name,Petel
email,anne-laurence.petel@assemblee-nationale.fr
first_name,Claire
last_name,Pitollat
email,claire.pitollat@assemblee-nationale.fr
first_name,Cathy
last_name,Racon-Bouzon
email,cathy.racon-bouzon@assemblee-nationale.fr
first_name,Bernard
last_name,Reynès
email,bernard.reynes@assemblee-nationale.fr
first_name,Guy
last_name,Teissier
email,guy.teissier@assemblee-nationale.fr
first_name,Jean-Marc
last_name,Zulesi
email,jean-marc.zulesi@assemblee-nationale.fr
first_name,Pascale
last_name,Boyer
email,pascale.boyer@assemblee-nationale.fr
first_name,Joël
last_name,Giraud
email,joel.giraud@assemblee-nationale.fr
first_name,Edith
last_name,Audibert
email,""
first_name,Valérie
last_name,Gomez-Bassac
email,valerie.gomez-bassac@assemblee-nationale.fr
first_name,Émilie
last_name,Guerel
email,emilie.guerel@assemblee-nationale.fr
first_name,Geneviève
last_name,Levy
email,genevieve.levy@assemblee-nationale.fr
first_name,Fabien
last_name,Matras
email,fabien.matras@assemblee-nationale.fr
first_name,Sereine
last_name,Mauborgne
email,sereine.mauborgne@assemblee-nationale.fr
first_name,Philippe
last_name,Michel-Kleisbauer
email,Philippe.Michel-Kleisbauer@assemblee-nationale.fr
first_name,Cécile
last_name,Muschotti
email,cecile.muschotti@assemblee-nationale.fr
first_name,Julien
last_name,Aubert
email,julien.aubert@assemblee-nationale.fr
first_name,Jean-Claude
last_name,Bouchet
email,jean-claude.bouchet@assemblee-nationale.fr
first_name,Marie-France
last_name,Lorho
email,""
first_name,Brune
last_name,Poirson
email,""
first_name,Souad
last_name,Zitouni
email,""
first_name,Nathalie
last_name,Bassire
email,nathalie.bassire@assemblee-nationale.fr
first_name,David
last_name,Lorion
email,david.lorion@assemblee-nationale.fr
first_name,Philippe
last_name,Naillet
email,""
first_name,Jean-Luc
last_name,Poudroux
email,Jean-Luc.Poudroux@assemblee-nationale.fr
first_name,Nadia
last_name,Ramassamy
email,nadia.ramassamy@assemblee-nationale.fr
first_name,Jean-Hugues
last_name,Ratenon
email,jean-hugues.ratenon@assemblee-nationale.fr
first_name,Claire
last_name,Guion-Firmin
email,claire.javois@assemblee-nationale.fr
first_name,Stéphane
last_name,Claireaux
email,""
first_name,Sylvain
last_name,Brial
email,Sylvain.Brial@assemblee-nationale.fr
